waktu;jarak;kalori
52;43.333368;3
70;58.33338;4
21;17.500014;1
172;143.333448;10
209;174.166806;11
291;242.500194;17
308;256.666872;18
325;270.83355;19
10;16.66668;1
52;86.666736;6
70;116.66676;8
112;186.666816;13
130;216.66684;15
189;315.000252;22
86;143.333448;10
59;147.500118;10
46;153.333456;10
342;285.000228;20
171;285.000228;20
65;162.50013;20
89;296.666904;20
