waktu;langkah;panjang
172;190;0.75439
86;146;0.981735
116;282;1.0283695
89;246;1.205963
