waktu;langkah;jarak;panjang
172;238;143.333448;0.602241
86;170;143.333448;0.8431376
116;302;290.000232;0.96025
89;248;296.666904;1.1962375
