waktu,langkah,panjang
172,238,0.602241
86,170,0.8431376
116,302,0.96025
89,248,1.1962375
