waktu,step,panjang
181,132,0.3808925606
372,397,0.5205713652
235,318,0.6158285849
363,610,0.6612027148
301,770,0.8686875636
147,388,1.262887608
