waktu,langkah,jarak,panjang
172,190,143.333448,0.75439
86,146,143.333448,0.981735
116,282,290.000232,1.0283695
89,246,296.666904,1.205963
